mu,record,split,avAE_bpm,sdAE_bpm,avRE_percent,pearson_r
0.001,DATA_01_TYPE01,training,10.486439276874698,13.73992896246386,8.778367665270464,0.8450685200077434
0.001,DATA_02_TYPE02,training,6.486623854277028,8.359355959217531,5.492311511443433,0.9245076246428522
0.001,DATA_03_TYPE02,training,6.083454123883929,8.691335156344937,5.3011024372375495,0.9047571911970724
0.001,DATA_04_TYPE02,training,7.386733422517124,9.358733920861322,6.020882869270759,0.899801437700286
0.001,DATA_05_TYPE02,training,2.791728617294521,3.2110801161234033,2.157830967109865,0.9762135202182728
0.001,DATA_06_TYPE02,training,4.999762234375,11.45020481268687,4.258881824945677,0.8684377699589658
0.001,DATA_07_TYPE02,training,2.5784633795723084,5.37341194159112,2.1960119312587203,0.9568850735869504
0.001,DATA_08_TYPE02,training,3.0802631201171873,3.492327154392907,2.665599687216994,0.974196880168658
0.001,DATA_09_TYPE02,training,2.126081753355705,1.4340501746322365,1.8091471258781044,0.9941999744967496
0.001,DATA_10_TYPE02,training,18.678914175230705,19.137463040998128,11.735577613111284,0.5861882599064652
0.001,DATA_11_TYPE02,training,5.495526453234267,8.271825681806433,3.8689241189708743,0.8796449350159478
0.001,DATA_12_TYPE02,training,3.0627952750428085,4.721677675917624,2.2887715783875464,0.9675799636061928
0.001,TEST_S01_T01,competition,12.264249078455109,12.210015083205016,16.862193573854803,0.3037950004725293
0.001,TEST_S02_T01,competition,8.48095653227646,10.819658003052108,11.344570708159914,0.6493280338223164
0.001,TEST_S02_T02,competition,7.5176946207682285,12.12318999786147,7.438540091828996,0.6488401240449491
0.001,TEST_S03_T02,competition,19.09251775801809,19.936064488778836,11.82480581060934,0.3803505096961023
0.001,TEST_S04_T02,competition,5.493585628094061,4.377164906526717,4.534719853331197,0.847390355594051
0.001,TEST_S05_T02,competition,13.141694479000796,13.828317219816304,9.62946254325908,0.3419171819543989
0.001,TEST_S06_T01,competition,6.789608605587122,9.836275264660124,7.505515985593916,0.7839276199799774
0.001,TEST_S06_T02,competition,16.98671692066461,20.62738900188998,11.351081445633366,-0.0730580245568352
0.001,TEST_S07_T02,competition,5.107338374870869,5.934736827138262,3.981778927762309,0.7809259878093394
0.001,TEST_S08_T01,competition,1.6540353710937508,1.558457879731315,1.925080892488035,0.8244051591154186
0.002,DATA_01_TYPE01,training,7.633879936929936,10.460169770892165,5.889853400745578,0.9061440022352466
0.002,DATA_02_TYPE02,training,4.808519770931736,4.8944241449950825,4.02139455260539,0.9600831855194544
0.002,DATA_03_TYPE02,training,4.524849916294643,7.006382108817812,3.943356542865289,0.9529630954538132
0.002,DATA_04_TYPE02,training,8.593136354880137,11.854077877098634,7.215175637395624,0.8447995419225555
0.002,DATA_05_TYPE02,training,2.858786665239726,3.3688246805556137,2.217370355314807,0.9747118329132076
0.002,DATA_06_TYPE02,training,5.507267609375,12.783019471303655,4.8348606937076966,0.8360320605404896
0.002,DATA_07_TYPE02,training,3.1266471141563823,6.139614082249051,2.612457635967558,0.940579193989364
0.002,DATA_08_TYPE02,training,3.1166815209960936,4.103534055428071,2.723010959025868,0.9698244161893468
0.002,DATA_09_TYPE02,training,2.4188539953859065,2.5673860838242817,2.135740579116066,0.9878547775689432
0.002,DATA_10_TYPE02,training,11.379804915583051,15.22807340707531,7.256193668115301,0.7027563026473204
0.002,DATA_11_TYPE02,training,4.132539944820804,7.434448744120616,2.949634877963008,0.9009569429502609
0.002,DATA_12_TYPE02,training,2.025012858518836,1.2392008375827746,1.446827725264719,0.9943608095032456
0.002,TEST_S01_T01,competition,12.515183497469192,12.478009979616594,17.289032464088965,0.4245765088386843
0.002,TEST_S02_T01,competition,9.299606452440694,12.545040433957585,12.50627105053476,0.5816226705602361
0.002,TEST_S02_T02,competition,7.828719468858505,12.032434685171484,7.694043350511176,0.6415233395447756
0.002,TEST_S03_T02,competition,18.83298578844572,19.22717897974426,11.695612655322108,0.3970716595920843
0.002,TEST_S04_T02,competition,4.197623530321783,3.3907129915354615,3.419925342157183,0.9133960616787202
0.002,TEST_S05_T02,competition,10.991130287121814,13.865735672333171,8.014745733424656,0.3148169942128354
0.002,TEST_S06_T01,competition,5.74082060842803,7.261465863155523,6.495828734767849,0.8330869927518059
0.002,TEST_S06_T02,competition,15.221536022777292,19.039416920050517,10.223780090827754,0.0559420252229649
0.002,TEST_S07_T02,competition,4.499822475464877,4.255010986878507,3.5161421148052954,0.8478851864606907
0.002,TEST_S08_T01,competition,1.6251074804687504,1.5590881782108477,1.890326289764743,0.829409955630722
0.005,DATA_01_TYPE01,training,5.695698888365063,9.092958470623154,4.5780822595310875,0.9364522675724942
0.005,DATA_02_TYPE02,training,2.7489829626044253,2.431000677544706,2.373344280163721,0.9872921287676584
0.005,DATA_03_TYPE02,training,2.7225689453125006,2.457416005813918,2.263216598900557,0.9870252284109206
0.005,DATA_04_TYPE02,training,5.190839715325343,8.736357848681658,4.480263684745449,0.9116059385294648
0.005,DATA_05_TYPE02,training,2.8066670697773977,3.287629288139598,2.169335385761,0.9768086758283002
0.005,DATA_06_TYPE02,training,6.1555890390625,12.969228832183203,5.273102022803032,0.8246920107487805
0.005,DATA_07_TYPE02,training,3.064793372911953,5.31392370332045,2.2864160623392027,0.9572000323222016
0.005,DATA_08_TYPE02,training,2.9376847045898433,3.4652790580010917,2.5567365981471517,0.9754155252645484
0.005,DATA_09_TYPE02,training,2.44622310192953,2.5339353325175704,2.1771497115803236,0.9879345375155786
0.005,DATA_10_TYPE02,training,10.09882702128775,13.305407266088606,6.330785051866635,0.6986261450903503
0.005,DATA_11_TYPE02,training,2.4780178157779713,3.89926561053753,1.7433230883079889,0.9706846355462164
0.005,DATA_12_TYPE02,training,2.2924583315496574,1.5502533165656291,1.661816687499278,0.9930699597936418
0.005,TEST_S01_T01,competition,14.793991210937495,13.372866905150914,20.225780975791725,0.3357781699899561
0.005,TEST_S02_T01,competition,11.003255346145076,13.648149472303468,15.05925924071943,0.4813566127701914
0.005,TEST_S02_T02,competition,8.71826702202691,12.149497433883228,8.150361061216232,0.6142529596784307
0.005,TEST_S03_T02,competition,16.251300858347037,15.162991462536636,10.114012250361784,0.518474052172157
0.005,TEST_S04_T02,competition,3.7636967821782186,2.925765583389446,3.0766265017044536,0.937129814894615
0.005,TEST_S05_T02,competition,8.88414755423965,12.53433865297736,6.509856851867663,0.4079174200333054
0.005,TEST_S06_T01,competition,7.143940340909091,10.190246722311596,8.469981668014883,0.7016191984147749
0.005,TEST_S06_T02,competition,11.469835277288734,15.960128041765982,7.815113579708616,0.3431942596484691
0.005,TEST_S07_T02,competition,4.748258668001035,4.92849762763629,3.686909504849814,0.7886588457353852
0.005,TEST_S08_T01,competition,1.4434271484375,1.4163374347603712,1.6658787222165206,0.8460881554635703
0.01,DATA_01_TYPE01,training,5.563432110547186,8.979673185289522,4.81996137865646,0.9392031952183644
0.01,DATA_02_TYPE02,training,2.6601995276219736,2.205625693805991,2.3191207742369744,0.9872699202393668
0.01,DATA_03_TYPE02,training,3.115830901227679,4.124652569527857,2.655046165500076,0.9700718315495696
0.01,DATA_04_TYPE02,training,4.368834645226884,7.27660414565937,4.02546617918278,0.9362984508694528
0.01,DATA_05_TYPE02,training,3.0493543236301375,4.194956782804567,2.4250588170757896,0.9737787589434098
0.01,DATA_06_TYPE02,training,6.788423434895834,10.922451767840895,6.271514982915906,0.8525616750769364
0.01,DATA_07_TYPE02,training,3.6938018354644018,6.300019683668626,2.836739705127039,0.9504117546288502
0.01,DATA_08_TYPE02,training,2.8084548388671875,2.8198678626545575,2.442631988071572,0.9806476584828058
0.01,DATA_09_TYPE02,training,2.487146424077181,2.7366849056381133,2.2360949305650295,0.9867359537296037
0.01,DATA_10_TYPE02,training,11.437094900901846,15.61148294906694,7.037805024355791,0.5707111316692272
0.01,DATA_11_TYPE02,training,2.868321355987762,5.930992963860736,2.0259863779337572,0.9491740586873226
0.01,DATA_12_TYPE02,training,2.2806846264982874,1.5565789041823168,1.6580237857963265,0.9930824144416184
0.01,TEST_S01_T01,competition,15.836049089458628,14.326621209755872,21.597139395371546,0.2586612461856375
0.01,TEST_S02_T01,competition,14.517755346145076,16.392628505869578,20.04234383756726,0.3374050202940648
0.01,TEST_S02_T02,competition,6.961849134657117,9.915003995154576,6.199076814936643,0.7632319569206569
0.01,TEST_S03_T02,competition,15.343191997327304,14.553832963458518,9.547232634711618,0.4861997324751119
0.01,TEST_S04_T02,competition,4.108146213644803,3.559576387674161,3.407090400032047,0.907895349984162
0.01,TEST_S05_T02,competition,6.8312304687499985,8.274391571461727,5.058793858600147,0.6150312552515107
0.01,TEST_S06_T01,competition,12.87658232717803,16.16177543198992,15.810306350287936,0.360894765775606
0.01,TEST_S06_T02,competition,11.184932314590668,15.888831827380642,7.709736081646736,0.374627707240445
0.01,TEST_S07_T02,competition,4.714397130036158,4.949566378651275,3.638459131199122,0.770067746025058
0.01,TEST_S08_T01,competition,1.1150308007812502,0.8935503689529277,1.3075377424240495,0.9279437776180202
0.02,DATA_01_TYPE01,training,6.706652911179421,10.596045921064675,6.441606807569401,0.910195377078102
0.02,DATA_02_TYPE02,training,2.960212903156433,2.6380824140927523,2.600652997734119,0.9841519051150096
0.02,DATA_03_TYPE02,training,3.1111331752232148,3.78231273862014,2.6512415477136755,0.9731951340486694
0.02,DATA_04_TYPE02,training,4.212819277076199,7.210926288428692,3.822524399498007,0.9346541865396284
0.02,DATA_05_TYPE02,training,2.93353624785959,3.390511449402782,2.2859738190842864,0.9786066919776536
0.02,DATA_06_TYPE02,training,6.332992583333334,12.211939446022592,6.510683169411793,0.8308379353422533
0.02,DATA_07_TYPE02,training,5.834640037082163,10.371979967974326,4.169825593552507,0.8645615971197302
0.02,DATA_08_TYPE02,training,3.131713942871093,3.304635125383364,2.844824133794441,0.9722184856093996
0.02,DATA_09_TYPE02,training,2.2487526085360745,1.6722324891730227,1.946568507375908,0.9927445743880402
0.02,DATA_10_TYPE02,training,11.534366304005871,17.281948527171714,7.170840160759741,0.5676248605378197
0.02,DATA_11_TYPE02,training,2.4238596317744756,3.377211628173022,1.6829930816527403,0.9782261173116836
0.02,DATA_12_TYPE02,training,2.193038489940069,1.4832185005237344,1.596450822856874,0.9938563791392064
0.02,TEST_S01_T01,competition,17.39258701034331,15.498032805717337,23.67642218393157,0.3068837142824398
0.02,TEST_S02_T01,competition,22.903136533416973,20.333342526725872,31.037169721414394,0.3389219003583201
0.02,TEST_S02_T02,competition,8.365854397243924,11.60215809261902,7.377195063924647,0.6764451480135025
0.02,TEST_S03_T02,competition,15.85882583778783,14.368254614759532,9.877242598367571,0.516567936830678
0.02,TEST_S04_T02,competition,4.577902962561883,4.264916577502429,3.783600904288951,0.8883340793943486
0.02,TEST_S05_T02,competition,5.014378010549362,5.576159006496513,3.781064356436103,0.8147655126713724
0.02,TEST_S06_T01,competition,14.987814823035038,18.402207453208344,18.44619744710952,0.2915511513824732
0.02,TEST_S06_T02,competition,9.92738358274648,14.496284657417222,6.907358266247249,0.5450424592911208
0.02,TEST_S07_T02,competition,5.990434239411158,6.551685041886196,4.6357109306309425,0.6921215079509696
0.02,TEST_S08_T01,competition,1.3631166015625,1.353924453983168,1.6116040049781326,0.8705068113885391
0.05,DATA_01_TYPE01,training,10.257156101861584,13.76931244173413,10.158381240788811,0.8254477437931912
0.05,DATA_02_TYPE02,training,5.007099503403784,6.8151262961745065,4.694492078126237,0.9277479221889068
0.05,DATA_03_TYPE02,training,3.875323345424106,5.82118224801785,3.4234688386029073,0.9444476353850584
0.05,DATA_04_TYPE02,training,4.5210591208262,6.7180426277231575,4.415323027577721,0.9464429481852872
0.05,DATA_05_TYPE02,training,3.704584741545377,4.569601875965092,2.7386841729165488,0.95542853919866
0.05,DATA_06_TYPE02,training,9.849301010416664,14.726576261114074,7.956842593098396,0.7330274297574398
0.05,DATA_07_TYPE02,training,10.836550659998164,18.62929444087912,7.434471344005093,0.5887978685910246
0.05,DATA_08_TYPE02,training,3.4321680712890625,3.442027233879262,3.1167990561185936,0.9682435337858356
0.05,DATA_09_TYPE02,training,5.886636409395973,13.682937664071044,6.386256677812154,0.7646740103652957
0.05,DATA_10_TYPE02,training,19.494919478817117,21.020629037107884,11.914218270082069,0.3566523019239558
0.05,DATA_11_TYPE02,training,4.990972514204544,7.623946499895435,3.223577989007619,0.9045727682117048
0.05,DATA_12_TYPE02,training,3.05653156838613,3.254796635516824,2.141836250798717,0.9828621957442272
0.05,TEST_S01_T01,competition,19.301494470730635,17.121706075042923,26.31676940960982,0.4394875502926406
0.05,TEST_S02_T01,competition,34.7980891879562,26.45655954323491,47.085999626849194,0.2057804356678801
0.05,TEST_S02_T02,competition,8.325714857313367,11.48353356394474,7.053597809670568,0.7144174551233867
0.05,TEST_S03_T02,competition,17.48803310032895,15.026022588587711,11.074031899981868,0.437784033780611
0.05,TEST_S04_T02,competition,9.415671410891088,10.192804800738706,7.682969709836164,0.6078762307300012
0.05,TEST_S05_T02,competition,4.282699181429139,5.4622864477209365,3.2586664735293662,0.7819117149418031
0.05,TEST_S06_T01,competition,18.066933490175188,20.17302600149927,21.90077242944965,0.2390488012762878
0.05,TEST_S06_T02,competition,11.83438306007923,13.328563963133604,8.37497112050178,0.4862755275465854
0.05,TEST_S07_T02,competition,11.046948540805785,11.62682450862971,8.786521909403078,0.309642892402696
0.05,TEST_S08_T01,competition,5.3456891796875,9.62111267280274,6.479894706452918,-0.1696671233068308
0.1,DATA_01_TYPE01,training,16.074320633815738,20.324083443210252,16.04497877330572,0.5321797354343514
0.1,DATA_02_TYPE02,training,7.53008905220055,10.40731328334863,6.673763989252822,0.8312457064180352
0.1,DATA_03_TYPE02,training,5.160571872209821,7.235472502492095,4.446577606896166,0.9088622736525448
0.1,DATA_04_TYPE02,training,5.637471393407535,9.501434372997618,5.679622051806548,0.8933469677406125
0.1,DATA_05_TYPE02,training,6.634488848458903,10.189738869315862,5.070208147829288,0.7725444784113176
0.1,DATA_06_TYPE02,training,13.041297942708333,19.78096502683227,9.90273539025281,0.571742416269521
0.1,DATA_07_TYPE02,training,16.377918590648388,21.76376331518002,11.212679785940232,0.4397404053843101
0.1,DATA_08_TYPE02,training,5.436794475097656,10.343036740262622,5.383415300911995,0.8103236784815624
0.1,DATA_09_TYPE02,training,9.418903696518454,19.743364162965545,10.557229360541209,0.4641714548009225
0.1,DATA_10_TYPE02,training,26.065669714765104,22.87047772404287,16.01127668978593,0.3374652840016351
0.1,DATA_11_TYPE02,training,9.114716933457167,12.296183319497544,5.762396049703998,0.76418912375182
0.1,DATA_12_TYPE02,training,4.812289688570205,6.8333105683335695,3.2580183805044767,0.9429107203078516
0.1,TEST_S01_T01,competition,26.237423731844192,19.92386424005002,36.517579367543185,0.2224693518585119
0.1,TEST_S02_T01,competition,45.20041500342153,27.82892238594722,61.773639088815365,0.0577141389396063
0.1,TEST_S02_T02,competition,11.550974446614582,15.105417030600268,9.560817640617367,0.5400153918657181
0.1,TEST_S03_T02,competition,21.600251079358554,16.88011857046027,13.703281897872545,0.3413589661950805
0.1,TEST_S04_T02,competition,14.5504393177599,14.553446118192603,12.010979232924374,0.4046193343994122
0.1,TEST_S05_T02,competition,7.040400179140127,6.909800733346634,5.267383990693151,0.5735277576343437
0.1,TEST_S06_T01,competition,20.91153039180871,21.855091648553188,24.509670712483167,0.2836229390676643
0.1,TEST_S06_T02,competition,12.19517518981074,12.607965644522183,8.645732541407497,0.4888931257314171
0.1,TEST_S07_T02,competition,14.858232341167357,11.897851651578708,11.829316723081323,-0.0043721877214818
0.1,TEST_S08_T01,competition,14.2594016015625,17.843263260491923,16.964213039564388,-0.203485166661799
1.0,DATA_01_TYPE01,training,26.975701533403516,18.546131514276063,21.48473428406321,0.3212546367186991
1.0,DATA_02_TYPE02,training,19.249708125713852,14.06826368752974,15.94982568843616,0.4895052481933654
1.0,DATA_03_TYPE02,training,22.539747416294645,18.43297742512605,16.314614872408523,0.4379054608102947
1.0,DATA_04_TYPE02,training,15.51839091395548,12.076473927923423,12.807069531518756,0.5839849963474257
1.0,DATA_05_TYPE02,training,20.09040747806079,14.947891019560767,14.246355195282495,0.119010278161858
1.0,DATA_06_TYPE02,training,35.991330109375,16.140626500422396,28.50382037666704,-0.297131156778897
1.0,DATA_07_TYPE02,training,37.53994537341123,15.345718913198905,26.77465024673944,0.2638124216811602
1.0,DATA_08_TYPE02,training,13.76492656982422,22.21023416803902,14.33565654438583,-0.0080937646716065
1.0,DATA_09_TYPE02,training,12.456128316380036,14.65876275240445,11.458323955418336,0.5669804504436317
1.0,DATA_10_TYPE02,training,36.53017824035234,14.15557918506189,22.387889512039408,0.2849431649593306
1.0,DATA_11_TYPE02,training,30.946132899912588,11.791499511374113,19.891459935791502,0.5854855926613977
1.0,DATA_12_TYPE02,training,22.894142636986302,15.749705814318082,16.17172349509159,0.1856457676576256
1.0,TEST_S01_T01,competition,28.157944074603872,20.168745826683296,38.65223469975569,0.1708040182468565
1.0,TEST_S02_T01,competition,40.774435104927,26.494637886476568,55.12354477591647,0.1510624999727723
1.0,TEST_S02_T02,competition,33.8045850016276,22.02999411204357,26.532841637361827,0.0059797397490915
1.0,TEST_S03_T02,competition,51.08416697933799,22.5063439772106,32.26954108335555,-0.0654088393163941
1.0,TEST_S04_T02,competition,30.74255391398514,19.89630143903727,25.151719868779516,0.0621381696297261
1.0,TEST_S05_T02,competition,17.96197331558519,15.83269964211052,13.198962993795371,0.1639189431194398
1.0,TEST_S06_T01,competition,16.330509854403413,12.946260656332075,18.558367218850194,0.5968286752498905
1.0,TEST_S06_T02,competition,31.161706893705983,21.041053583173593,21.54930427803072,0.0690754044702681
1.0,TEST_S07_T02,competition,27.83171297133265,18.774902163250687,22.223703065087655,-0.0676244866977855
1.0,TEST_S08_T01,competition,36.94054763671875,18.40683828734664,42.65130398711609,0.5606986413587772
